topic,topic_vi,text_en,text_vi,phonetic,level,image
Actions,Hành động,clap,vỗ tay,klæp,1,images/1F44F.svg
Actions,Hành động,cry,khóc,kraɪ,1,images/1F622.svg
Actions,Hành động,dance,nhảy múa,dæns,1,images/1F483.svg
Actions,Hành động,draw,vẽ,drɔ,1,images/1F3A8.svg
Actions,Hành động,drink,uống,drɪŋk,1,images/1F964.svg
Actions,Hành động,eat,ăn,it,1,images/1F37D.svg
Actions,Hành động,jump,nhảy,ʤəmp,1,images/1F938.svg
Actions,Hành động,laugh,cười,læf,1,images/1F604.svg
Actions,Hành động,listen,nghe,ˈlɪsən,2,images/1F442.svg
Actions,Hành động,read,đọc,rid,1,images/1F4D6.svg
Actions,Hành động,run,chạy,rən,1,images/1F3C3.svg
Actions,Hành động,sing,hát,sɪŋ,1,images/1F3A4.svg
Actions,Hành động,sit,ngồi,sɪt,1,images/1FA91.svg
Actions,Hành động,sleep,ngủ,slip,1,images/1F634.svg
Actions,Hành động,stand,đứng,stænd,1,images/1F9CD.svg
Actions,Hành động,swim,bơi,swɪm,1,images/1F3CA.svg
Actions,Hành động,walk,đi bộ,wɔk,1,images/1F6B6.svg
Actions,Hành động,write,viết,raɪt,1,images/270D.svg
Animals,Động vật,bear,con gấu,bɛr,1,images/1F43B.svg
Animals,Động vật,bird,con chim,bərd,1,images/1F426.svg
Animals,Động vật,cat,con mèo,kæt,1,images/1F431.svg
Animals,Động vật,cow,con bò,kaʊ,1,images/1F42E.svg
Animals,Động vật,deer,con hươu,dɪr,1,images/1F98C.svg
Animals,Động vật,dog,con chó,dɔg,1,images/1F436.svg
Animals,Động vật,duck,con vịt,dək,1,images/1F986.svg
Animals,Động vật,elephant,con voi,ˈɛləfənt,1,images/1F418.svg
Animals,Động vật,fish,con cá,fɪʃ,1,images/1F41F.svg
Animals,Động vật,fox,con cáo,fɑks,1,images/1F98A.svg
Animals,Động vật,giraffe,con hươu cao cổ,ʤəræf,1,images/1F992.svg
Animals,Động vật,horse,con ngựa,hɔrs,1,images/1F434.svg
Animals,Động vật,kangaroo,con chuột túi,ˌkæŋgərˈu,1,images/1F998.svg
Animals,Động vật,koala,con gấu túi,koʊˈɑlə,1,images/1F428.svg
Animals,Động vật,lion,con sư tử,laɪən,1,images/1F981.svg
Animals,Động vật,monkey,con khỉ,ˈməŋki,1,images/1F435.svg
Animals,Động vật,panda,con gấu trúc,ˈpændə,1,images/1F43C.svg
Animals,Động vật,penguin,chim cánh cụt,ˈpɛŋgwən,1,images/1F427.svg
Animals,Động vật,pig,con lợn,pɪg,1,images/1F437.svg
Animals,Động vật,rabbit,con thỏ,ˈræbɪt,1,images/1F430.svg
Animals,Động vật,sheep,con cừu,ʃip,1,images/1F411.svg
Animals,Động vật,tiger,con hổ,ˈtaɪgər,1,images/1F42F.svg
Animals,Động vật,wolf,con sói,wʊlf,1,images/1F43A.svg
Animals,Động vật,zebra,con ngựa vằn,ˈzibrə,1,images/1F993.svg
Bathroom,Phòng tắm,comb,cái lược,koʊm,1,images/1F488.svg
Bathroom,Phòng tắm,mirror,cái gương,ˈmɪrər,1,images/1FA9E.svg
Bathroom,Phòng tắm,shampoo,dầu gội,ʃæmˈpu,2,images/1F9F4.svg
Bathroom,Phòng tắm,shower,vòi sen,ʃaʊər,1,images/1F6BF.svg
Bathroom,Phòng tắm,sink,bồn rửa,sɪŋk,1,images/1F6B0.svg
Bathroom,Phòng tắm,soap,xà phòng,soʊp,1,images/1F9FC.svg
Bathroom,Phòng tắm,sponge,miếng bọt biển,spənʤ,2,images/1F9FD.svg
Bathroom,Phòng tắm,toothbrush,bàn chải đánh răng,ˈtuθbrəʃ,1,images/1FAA5.svg
Bathroom,Phòng tắm,toothpaste,kem đánh răng,ˈtuθˌpeɪst,2,images/1FAA5.svg
Bathroom,Phòng tắm,towel,khăn tắm,taʊəl,1,images/1F9FB.svg
Birds,Loài chim,chick,gà con,ʧɪk,1,images/1F424.svg
Birds,Loài chim,chicken,con gà,ˈʧɪkən,1,images/1F414.svg
Birds,Loài chim,crow,con quạ,kroʊ,1,images/1F426.svg
Birds,Loài chim,dove,bồ câu,dəv,1,images/1F54A.svg
Birds,Loài chim,eagle,đại bàng,ˈigəl,1,images/1F985.svg
Birds,Loài chim,flamingo,hồng hạc,fləˈmɪŋgoʊ,1,images/1F9A9.svg
Birds,Loài chim,hummingbird,chim ruồi,ˈhəmɪŋˌbərd,2,images/1F426.svg
Birds,Loài chim,ostrich,đà điểu,ˈɔstrɪʧ,2,images/1F9A4.svg
Birds,Loài chim,owl,con cú,aʊl,1,images/1F989.svg
Birds,Loài chim,parrot,con vẹt,ˈpɛrət,1,images/1F99C.svg
Birds,Loài chim,peacock,con công,ˈpiˌkɑk,1,images/1F99A.svg
Birds,Loài chim,pigeon,bồ câu,ˈpɪʤɪn,1,images/1F54A.svg
Birds,Loài chim,rooster,con gà trống,ˈrustər,1,images/1F413.svg
Birds,Loài chim,seagull,mòng biển,ˈsiˌgəl,2,images/1F426.svg
Birds,Loài chim,sparrow,chim sẻ,ˈspɛroʊ,2,images/1F426.svg
Birds,Loài chim,swan,thiên nga,swɔn,1,images/1F9A2.svg
Birds,Loài chim,turkey,gà tây,ˈtərki,1,images/1F983.svg
Birds,Loài chim,woodpecker,chim gõ kiến,ˈwʊdˌpɛkər,2,images/1F426.svg
Body,Cơ thể,arm,cánh tay,ɑrm,1,images/1F4AA.svg
Body,Cơ thể,back,cái lưng,bæk,1,
Body,Cơ thể,bone,khúc xương,boʊn,1,images/1F9B4.svg
Body,Cơ thể,brain,bộ não,breɪn,1,images/1F9E0.svg
Body,Cơ thể,cheek,má,ʧik,1,images/1F60A.svg
Body,Cơ thể,chin,cằm,ʧɪn,1,images/1F600.svg
Body,Cơ thể,ear,cái tai,ɪr,1,images/1F442.svg
Body,Cơ thể,elbow,khuỷu tay,ˈɛlˌboʊ,2,images/1F4AA.svg
Body,Cơ thể,eye,con mắt,aɪ,1,images/1F441.svg
Body,Cơ thể,face,khuôn mặt,feɪs,1,
Body,Cơ thể,finger,ngón tay,ˈfɪŋgər,1,images/1F446.svg
Body,Cơ thể,foot,bàn chân,fʊt,1,images/1F9B6.svg
Body,Cơ thể,hair,tóc,hɛr,1,images/1F487.svg
Body,Cơ thể,hand,bàn tay,hænd,1,images/270B.svg
Body,Cơ thể,head,cái đầu,hɛd,1,
Body,Cơ thể,knee,đầu gối,ni,1,images/1F9B5.svg
Body,Cơ thể,leg,cái chân,lɛg,1,images/1F9B5.svg
Body,Cơ thể,mouth,cái miệng,maʊθ,1,images/1F444.svg
Body,Cơ thể,neck,cổ,nɛk,1,images/1F9E3.svg
Body,Cơ thể,nose,cái mũi,noʊz,1,images/1F443.svg
Body,Cơ thể,shoulder,vai,ˈʃoʊldər,1,images/1F4AA.svg
Body,Cơ thể,stomach,bụng,ˈstəmək,1,
Body,Cơ thể,thumb,ngón cái,θəm,1,images/1F44D.svg
Body,Cơ thể,toe,ngón chân,toʊ,1,images/1F9B6.svg
Body,Cơ thể,tongue,cái lưỡi,təŋ,1,images/1F445.svg
Body,Cơ thể,tooth,cái răng,tuθ,1,images/1F9B7.svg
Clothes,Quần áo,boots,ủng,buts,1,images/1F462.svg
Clothes,Quần áo,cap,mũ lưỡi trai,kæp,1,images/1F9E2.svg
Clothes,Quần áo,coat,áo khoác,koʊt,1,images/1F9E5.svg
Clothes,Quần áo,crown,vương miện,kraʊn,1,images/1F451.svg
Clothes,Quần áo,dress,váy,drɛs,1,images/1F457.svg
Clothes,Quần áo,glasses,kính mắt,ˈglæsɪz,1,images/1F453.svg
Clothes,Quần áo,gloves,găng tay,gləvz,1,images/1F9E4.svg
Clothes,Quần áo,hat,mũ,hæt,1,images/1F452.svg
Clothes,Quần áo,pants,quần dài,pænts,1,images/1F456.svg
Clothes,Quần áo,ring,nhẫn,rɪŋ,1,images/1F48D.svg
Clothes,Quần áo,scarf,khăn quàng,skɑrf,1,images/1F9E3.svg
Clothes,Quần áo,shirt,áo sơ mi,ʃərt,1,images/1F455.svg
Clothes,Quần áo,shoe,giày,ʃu,1,images/1F45F.svg
Clothes,Quần áo,socks,tất,sɑks,1,images/1F9E6.svg
Colors,Màu sắc,black,màu đen,blæk,1,images/26AB.svg
Colors,Màu sắc,blue,màu xanh dương,blu,1,images/1F535.svg
Colors,Màu sắc,brown,màu nâu,braʊn,1,images/1F7E4.svg
Colors,Màu sắc,gold,màu vàng kim,goʊld,2,images/1F947.svg
Colors,Màu sắc,gray,màu xám,greɪ,1,images/1F32B.svg
Colors,Màu sắc,green,màu xanh lá,grin,1,images/1F7E2.svg
Colors,Màu sắc,orange,màu cam,ˈɔrɪnʤ,1,images/1F34A.svg
Colors,Màu sắc,pink,màu hồng,pɪŋk,1,images/1F338.svg
Colors,Màu sắc,purple,màu tím,ˈpərpəl,1,images/1F7E3.svg
Colors,Màu sắc,rainbow,cầu vồng,ˈreɪnˌboʊ,1,images/1F308.svg
Colors,Màu sắc,red,màu đỏ,rɛd,1,images/1F534.svg
Colors,Màu sắc,silver,màu bạc,ˈsɪlvər,2,images/1F948.svg
Colors,Màu sắc,turquoise,màu ngọc lam,ˈtərkwɔɪz,2,images/1F535.svg
Colors,Màu sắc,violet,màu tím than,ˈvaɪəlɪt,2,images/1F7E3.svg
Colors,Màu sắc,white,màu trắng,waɪt,1,images/26AA.svg
Colors,Màu sắc,yellow,màu vàng,ˈjɛloʊ,1,images/1F7E1.svg
Drinks,Đồ uống,cocoa,ca cao,ˈkoʊkoʊ,1,images/2615.svg
Drinks,Đồ uống,coconut water,nước dừa,ˈkoʊkəˌnət ˈwɔtər,2,images/1F965.svg
Drinks,Đồ uống,coffee,cà phê,ˈkɔfi,1,images/2615.svg
Drinks,Đồ uống,hot chocolate,sô cô la nóng,hɑt ˈʧɔklət,2,images/2615.svg
Drinks,Đồ uống,ice,đá lạnh,aɪs,1,images/1F9CA.svg
Drinks,Đồ uống,juice,nước ép,ʤus,1,images/1F9C3.svg
Drinks,Đồ uống,lemonade,nước chanh,ˈlɛməˈneɪd,1,images/1F34B.svg
Drinks,Đồ uống,milk,sữa,mɪlk,1,images/1F95B.svg
Drinks,Đồ uống,milkshake,sữa lắc,ˈmɪlkˌʃeɪk,2,images/1F964.svg
Drinks,Đồ uống,smoothie,sinh tố,ˈsmuði,2,images/1F964.svg
Drinks,Đồ uống,soda,nước ngọt,ˈsoʊdə,1,images/1F964.svg
Drinks,Đồ uống,tea,trà,ti,1,images/1F375.svg
Drinks,Đồ uống,water,nước,ˈwɔtər,1,images/1F4A7.svg
Drinks,Đồ uống,yogurt,sữa chua,ˈjoʊgərt,1,images/1F95B.svg
Family,Gia đình,aunt,cô/dì,ɔnt,1,images/1F469.svg
Family,Gia đình,baby,em bé,ˈbeɪbi,1,images/1F476.svg
Family,Gia đình,boy,bạn trai,bɔɪ,1,images/1F466.svg
Family,Gia đình,brother,anh em trai,ˈbrəðər,1,images/1F466.svg
Family,Gia đình,cousin,anh chị em họ,ˈkəzən,2,images/1F9D2.svg
Family,Gia đình,daughter,con gái,ˈdɔtər,1,images/1F467.svg
Family,Gia đình,family,gia đình,ˈfæməli,1,images/1F468-200D-1F469-200D-1F467-200D-1F466.svg
Family,Gia đình,father,bố,ˈfɑðər,1,images/1F468.svg
Family,Gia đình,girl,bạn gái,gərl,1,images/1F467.svg
Family,Gia đình,grandfather,ông,ˈgrænˌfɑðər,1,images/1F474.svg
Family,Gia đình,grandmother,bà,ˈgrændˌməðər,1,images/1F475.svg
Family,Gia đình,husband,chồng,ˈhəzbənd,2,images/1F935.svg
Family,Gia đình,mother,mẹ,ˈməðər,1,images/1F469.svg
Family,Gia đình,parents,bố mẹ,ˈpɛrənts,1,images/1F46B.svg
Family,Gia đình,sister,chị em gái,ˈsɪstər,1,images/1F467.svg
Family,Gia đình,son,con trai,sən,1,images/1F466.svg
Family,Gia đình,twins,sinh đôi,twɪnz,1,images/1F46F.svg
Family,Gia đình,uncle,chú/bác,ˈəŋkəl,1,images/1F468.svg
Family,Gia đình,wife,vợ,waɪf,2,images/1F470.svg
Feelings,Cảm xúc,angry,tức giận,ˈæŋgri,1,images/1F620.svg
Feelings,Cảm xúc,bored,chán,bɔrd,2,images/1F611.svg
Feelings,Cảm xúc,excited,phấn khích,ɪkˈsaɪtɪd,2,images/1F929.svg
Feelings,Cảm xúc,happy,vui,ˈhæpi,1,images/1F60A.svg
Feelings,Cảm xúc,hungry,đói,ˈhəŋgri,1,images/1F60B.svg
Feelings,Cảm xúc,love,yêu thương,ləv,1,images/2764.svg
Feelings,Cảm xúc,proud,tự hào,praʊd,2,images/1F60C.svg
Feelings,Cảm xúc,sad,buồn,sæd,1,images/1F622.svg
Feelings,Cảm xúc,scared,sợ hãi,skɛrd,1,images/1F628.svg
Feelings,Cảm xúc,shy,ngại ngùng,ʃaɪ,2,images/1F633.svg
Feelings,Cảm xúc,sleepy,buồn ngủ,sˈlipi,1,images/1F634.svg
Feelings,Cảm xúc,surprised,ngạc nhiên,səˈpraɪzd,2,images/1F632.svg
Feelings,Cảm xúc,thirsty,khát,ˈθərsti,1,images/1F975.svg
Feelings,Cảm xúc,tired,mệt,taɪərd,1,images/1F62B.svg
Food,Đồ ăn,bread,bánh mì,brɛd,1,images/1F35E.svg
Food,Đồ ăn,cake,bánh kem,keɪk,1,images/1F370.svg
Food,Đồ ăn,candy,kẹo,ˈkændi,1,images/1F36C.svg
Food,Đồ ăn,cheese,phô mai,ʧiz,1,images/1F9C0.svg
Food,Đồ ăn,chocolate,sô cô la,ˈʧɔklət,1,images/1F36B.svg
Food,Đồ ăn,cookie,bánh quy,ˈkʊki,1,images/1F36A.svg
Food,Đồ ăn,egg,quả trứng,ɛg,1,images/1F95A.svg
Food,Đồ ăn,hamburger,bánh hăm bơ gơ,ˈhæmbərgər,1,images/1F354.svg
Food,Đồ ăn,honey,mật ong,ˈhəni,1,images/1F36F.svg
Food,Đồ ăn,meat,thịt,mit,1,
Food,Đồ ăn,noodles,mì,ˈnudəlz,1,images/1F35C.svg
Food,Đồ ăn,pizza,bánh pizza,ˈpitsə,1,images/1F355.svg
Food,Đồ ăn,popcorn,bỏng ngô,ˈpɑpˌkɔrn,1,images/1F37F.svg
Food,Đồ ăn,rice,cơm,raɪs,1,images/1F35A.svg
Food,Đồ ăn,salad,món salad,ˈsæləd,1,
Food,Đồ ăn,sandwich,bánh kẹp,ˈsænwɪʧ,1,images/1F96A.svg
Food,Đồ ăn,soup,súp,sup,1,
Fruits,Trái cây,apple,quả táo,ˈæpəl,1,images/1F34E.svg
Fruits,Trái cây,avocado,quả bơ,ˌævəˈkɑdoʊ,1,images/1F951.svg
Fruits,Trái cây,banana,quả chuối,bəˈnænə,1,images/1F34C.svg
Fruits,Trái cây,blueberries,quả việt quất,ˈbluˌbɛriz,1,images/1FAD0.svg
Fruits,Trái cây,cherry,quả anh đào,ˈʧɛri,1,images/1F352.svg
Fruits,Trái cây,coconut,quả dừa,ˈkoʊkəˌnət,1,images/1F965.svg
Fruits,Trái cây,grape,quả nho,greɪp,1,images/1F347.svg
Fruits,Trái cây,kiwi,quả kiwi,ˈkiwi,1,images/1F95D.svg
Fruits,Trái cây,lemon,quả chanh,ˈlɛmən,1,images/1F34B.svg
Fruits,Trái cây,mango,quả xoài,ˈmæŋgoʊ,1,images/1F96D.svg
Fruits,Trái cây,melon,quả dưa lưới,ˈmɛlən,1,images/1F348.svg
Fruits,Trái cây,orange,quả cam,ˈɔrɪnʤ,1,images/1F34A.svg
Fruits,Trái cây,peach,quả đào,piʧ,1,images/1F351.svg
Fruits,Trái cây,pear,quả lê,pɛr,1,images/1F350.svg
Fruits,Trái cây,pineapple,quả dứa,ˈpaɪˌnæpəl,1,images/1F34D.svg
Fruits,Trái cây,strawberry,quả dâu,ˈstrɔˌbɛri,1,images/1F353.svg
Fruits,Trái cây,watermelon,quả dưa hấu,ˈwɔtərˌmɛlən,1,images/1F349.svg
House,Đồ trong nhà,bathtub,bồn tắm,ˈbæθtəb,1,images/1F6C1.svg
House,Đồ trong nhà,bed,giường,bɛd,1,images/1F6CF.svg
House,Đồ trong nhà,broom,cây chổi,brum,1,images/1F9F9.svg
House,Đồ trong nhà,candle,cây nến,ˈkændəl,1,images/1F56F.svg
House,Đồ trong nhà,chair,cái ghế,ʧɛr,1,images/1FA91.svg
House,Đồ trong nhà,clock,đồng hồ,klɑk,1,images/1F550.svg
House,Đồ trong nhà,desk,bàn học,dɛsk,1,
House,Đồ trong nhà,door,cửa,dɔr,1,images/1F6AA.svg
House,Đồ trong nhà,house,ngôi nhà,haʊs,1,images/1F3E0.svg
House,Đồ trong nhà,key,chìa khóa,ki,1,images/1F511.svg
House,Đồ trong nhà,lamp,đèn,læmp,1,images/1F4A1.svg
House,Đồ trong nhà,plate,cái đĩa,pleɪt,1,images/1F37D.svg
House,Đồ trong nhà,sofa,ghế sô pha,ˈsoʊfə,1,
House,Đồ trong nhà,spoon,cái thìa,spun,1,images/1F944.svg
House,Đồ trong nhà,table,cái bàn,ˈteɪbəl,1,
House,Đồ trong nhà,television,tivi,ˈtɛləˌvɪʒən,1,
House,Đồ trong nhà,toilet,bồn cầu,ˈtɔɪlət,1,images/1F6BD.svg
House,Đồ trong nhà,window,cửa sổ,ˈwɪndoʊ,1,images/1FA9F.svg
Insects,Côn trùng,ant,con kiến,ænt,1,images/1F41C.svg
Insects,Côn trùng,bee,con ong,bi,1,images/1F41D.svg
Insects,Côn trùng,beetle,con bọ cánh cứng,ˈbitəl,1,images/1FAB2.svg
Insects,Côn trùng,butterfly,con bướm,ˈbətərˌflaɪ,1,images/1F98B.svg
Insects,Côn trùng,caterpillar,con sâu bướm,ˈkætəˌpɪlər,1,images/1F41B.svg
Insects,Côn trùng,cricket,con dế,ˈkrɪkɪt,1,images/1F997.svg
Insects,Côn trùng,dragonfly,chuồn chuồn,ˈdræɡ.ən.flaɪ,2,images/1F98B.svg
Insects,Côn trùng,firefly,đom đóm,ˈfaɪərˌflaɪ,2,images/1F41B.svg
Insects,Côn trùng,fly,con ruồi,flaɪ,1,images/1FAB0.svg
Insects,Côn trùng,grasshopper,châu chấu,ˈgræsˌhɑpər,2,images/1F997.svg
Insects,Côn trùng,ladybug,con bọ rùa,ˈleɪdiˌbəg,1,images/1F41E.svg
Insects,Côn trùng,mosquito,con muỗi,məˈskitoʊ,1,images/1F99F.svg
Insects,Côn trùng,moth,con bướm đêm,mɔθ,2,images/1F98B.svg
Insects,Côn trùng,snail,con ốc sên,sneɪl,1,images/1F40C.svg
Insects,Côn trùng,spider,con nhện,ˈspaɪdər,1,images/1F577.svg
Insects,Côn trùng,termite,con mối,ˈtərmaɪt,2,images/1F41C.svg
Insects,Côn trùng,wasp,ong bắp cày,wɑsp,2,images/1F41D.svg
Insects,Côn trùng,worm,con giun,wərm,1,images/1FAB1.svg
Jobs,Nghề nghiệp,astronaut,phi hành gia,ˈæstrəˌnɑt,2,images/1F680.svg
Jobs,Nghề nghiệp,chef,đầu bếp,ʃɛf,1,images/1F468-200D-1F373.svg
Jobs,Nghề nghiệp,dentist,nha sĩ,ˈdɛntɪst,2,images/1F9B7.svg
Jobs,Nghề nghiệp,doctor,bác sĩ,ˈdɔktər,1,images/1FA7A.svg
Jobs,Nghề nghiệp,driver,tài xế,ˈdraɪvər,1,images/1F697.svg
Jobs,Nghề nghiệp,farmer,nông dân,ˈfɑrmər,1,images/1F468-200D-1F33E.svg
Jobs,Nghề nghiệp,firefighter,lính cứu hỏa,ˈfaɪrˌfaɪtər,2,images/1F468-200D-1F692.svg
Jobs,Nghề nghiệp,nurse,y tá,nərs,1,images/1F489.svg
Jobs,Nghề nghiệp,painter,họa sĩ,ˈpeɪnər,1,images/1F3A8.svg
Jobs,Nghề nghiệp,pilot,phi công,ˈpaɪlət,1,images/1F6E9.svg
Jobs,Nghề nghiệp,police officer,cảnh sát,pəˈlis ˈɔfɪsər,2,images/1F46E.svg
Jobs,Nghề nghiệp,singer,ca sĩ,ˈsɪŋər,1,images/1F3A4.svg
Jobs,Nghề nghiệp,teacher,giáo viên,ˈtiʧər,1,images/1F469-200D-1F3EB.svg
Jobs,Nghề nghiệp,vet,bác sĩ thú y,vɛt,2,images/1F43E.svg
Math,Toán học,above,phía trên,əˈbəv,1,images/2B06.svg
Math,Toán học,add,cộng,æd,1,images/2795.svg
Math,Toán học,after,sau,ˈæftər,1,
Math,Toán học,altogether,tất cả,ˌɔltəˈgɛðər,2,
Math,Toán học,angle,góc,ˈæŋgəl,1,
Math,Toán học,answer,đáp án,ˈænsər,2,images/2705.svg
Math,Toán học,bar graph,biểu đồ cột,bɑr græf,2,
Math,Toán học,before,trước,ˌbiˈfɔr,1,
Math,Toán học,below,phía dưới,bɪˈloʊ,1,
Math,Toán học,between,ở giữa hai,bɪtˈwin,1,
Math,Toán học,big,to,bɪg,1,images/1F418.svg
Math,Toán học,biggest,lớn nhất,ˈbɪgəst,1,
Math,Toán học,calculate,tính toán,ˈkælkjəˌleɪt,2,
Math,Toán học,calculator,máy tính,ˈkælkjəˌleɪtər,1,
Math,Toán học,capacity,dung tích,kəˈpæsɪti,2,
Math,Toán học,cent,xu,sɛnt,2,
Math,Toán học,centimeter,xentimét,ˈsɛntəˌmitər,2,
Math,Toán học,change,tiền thừa,ʧeɪnʤ,1,
Math,Toán học,chart,biểu đồ,ʧɑrt,1,
Math,Toán học,check,kiểm tra,ʧɛk,1,
Math,Toán học,check your answer.,Kiểm tra đáp án.,ʧɛk jʊr ˈænsər.,2,
Math,Toán học,choose,chọn,ʧuz,1,
Math,Toán học,circle,hình tròn,ˈsərkəl,1,
Math,Toán học,circle the correct answer.,Khoanh đáp án đúng.,ˈsərkəl ðə kərˈɛkt ˈænsər.,2,
Math,Toán học,clock,đồng hồ,klɑk,1,images/1F550.svg
Math,Toán học,coin,đồng xu,kɔɪn,1,
Math,Toán học,color,tô màu,ˈkələr,1,
Math,Toán học,column,cột,ˈkɑləm,2,
Math,Toán học,compare,so sánh,kəmˈpɛr,1,
Math,Toán học,compare the numbers.,So sánh các số.,kəmˈpɛr ðə ˈnəmbərz.,2,
Math,Toán học,cone,hình nón,koʊn,1,
Math,Toán học,corner,góc,ˈkɔrnər,1,
Math,Toán học,cost,giá,kɔst,1,
Math,Toán học,count,đếm,kaʊnt,1,images/1F522.svg
Math,Toán học,count the objects.,Đếm các đồ vật.,kaʊnt ðə ˈɑbʤɛkts.,2,
Math,Toán học,cube,hình lập phương,kjub,1,
Math,Toán học,cuboid,hình hộp chữ nhật,ˈkjuˌbɔɪd,1,
Math,Toán học,cylinder,hình trụ,ˈsɪlɪndər,2,
Math,Toán học,data,dữ liệu,ˈdætə,1,
Math,Toán học,day,ngày,deɪ,1,
Math,Toán học,decimal,số thập phân,ˈdɛsəməl,1,
Math,Toán học,decimal point,dấu thập phân,ˈdɛsəməl pɔɪnt,2,
Math,Toán học,decrease,giảm,ˈdiˌkris,2,
Math,Toán học,denominator,mẫu số,dɪˈnɑməˌneɪtər,2,
Math,Toán học,diamond,hình thoi / kim cương,ˈdaɪmənd,1,
Math,Toán học,difference,hiệu,ˈdɪfərəns,2,
Math,Toán học,different,khác nhau,ˈdɪfərənt,1,
Math,Toán học,digit,chữ số,ˈdɪʤɪt,1,
Math,Toán học,distance,khoảng cách,ˈdɪstəns,2,
Math,Toán học,divide,chia,dɪˈvaɪd,1,
Math,Toán học,dollar,đô la,ˈdɔlər,2,
Math,Toán học,double,gấp đôi,ˈdəbəl,1,
Math,Toán học,draw,vẽ,drɔ,1,
Math,Toán học,draw a line.,Kẻ một đường.,drɔ ə laɪn.,2,
Math,Toán học,edge,cạnh,ɛʤ,1,
Math,Toán học,empty,rỗng,ˈɛmti,1,images/1F4ED.svg
Math,Toán học,equal to,bằng,ˈikwəl tɪ,2,
Math,Toán học,equals,bằng,ˈikwəlz,1,
Math,Toán học,equation,phương trình,ɪkˈweɪʒən,2,
Math,Toán học,equivalent fractions,phân số bằng nhau,ɪkˈwɪvələnt ˈfrækʃənz,2,
Math,Toán học,estimate,ước lượng,ˈɛstəˌmeɪt,2,
Math,Toán học,even,số chẵn,ˈivɪn,2,
Math,Toán học,expand,khai triển,ɪkˈspænd,1,
Math,Toán học,explain,giải thích,ɪkˈspleɪn,1,
Math,Toán học,explain your answer.,Giải thích đáp án.,ɪkˈspleɪn jʊr ˈænsər.,2,
Math,Toán học,face,mặt,feɪs,1,
Math,Toán học,few,ít,fju,2,images/1F539.svg
Math,Toán học,fewer,ít hơn,fjuər,1,
Math,Toán học,fill in,điền,fɪl ɪn,2,
Math,Toán học,fill in the blanks.,Điền vào chỗ trống.,fɪl ɪn ðə blæŋks.,2,
Math,Toán học,find,tìm,faɪnd,1,
Math,Toán học,find the answer.,Tìm đáp án.,faɪnd ðə ˈænsər.,2,
Math,Toán học,fraction,phân số,ˈfrækʃən,2,
Math,Toán học,full,đầy,fʊl,1,images/1F4E5.svg
Math,Toán học,graph,đồ thị,græf,1,
Math,Toán học,greater than,lớn hơn,ˈgreɪtər ðən,2,
Math,Toán học,group,nhóm,grup,1,images/1F465.svg
Math,Toán học,groups of,nhóm,grups əv,2,
Math,Toán học,half,một nửa,hæf,2,
Math,Toán học,heart,trái tim,hɑrt,1,
Math,Toán học,heavy,nặng,ˈhɛvi,1,
Math,Toán học,height,chiều cao,haɪt,1,
Math,Toán học,hexagon,lục giác,ˈhɛksəˌgɑn,1,
Math,Toán học,hour,tiếng/giờ,aʊər,2,
Math,Toán học,hundreds,hàng trăm,ˈhənərdz,2,
Math,Toán học,hundredths,phần trăm,ˈhəndrədθs,2,
Math,Toán học,kilogram,kilôgam,ˈkɪləˌgræm,2,
Math,Toán học,kilometer,kilômét,ˈkɪləˌmitər,2,
Math,Toán học,largest,lớn nhất,ˈlɑrʤəst,1,
Math,Toán học,least,ít nhất,list,2,
Math,Toán học,left,trái,lɛft,1,
Math,Toán học,length,chiều dài,lɛŋθ,1,
Math,Toán học,less,ít hơn,lɛs,1,
Math,Toán học,less than,nhỏ hơn,lɛs ðən,2,
Math,Toán học,light,nhẹ,laɪt,1,
Math,Toán học,line,đường thẳng,laɪn,1,
Math,Toán học,line segment,đoạn thẳng,laɪn ˌsɛgˈmɛnt,2,
Math,Toán học,liter,lít,ˈlitər,1,
Math,Toán học,long,dài,lɔŋ,1,
Math,Toán học,many,nhiều,ˈmɛni,1,
Math,Toán học,mass,khối lượng,mæs,1,
Math,Toán học,match,nối,mæʧ,1,
Math,Toán học,measure,đo,ˈmɛʒər,1,
Math,Toán học,meter,mét,ˈmitər,1,
Math,Toán học,middle,ở giữa,ˈmɪdəl,1,
Math,Toán học,milliliter,mililít,ˈmɪləˌlitər,2,
Math,Toán học,millimeter,milimét,ˈmɪləˌmitər,2,
Math,Toán học,minus,trừ,ˈmaɪnəs,1,
Math,Toán học,minute,phút,ˈmɪnət,2,
Math,Toán học,money,tiền,ˈməni,1,
Math,Toán học,month,tháng,mənθ,1,
Math,Toán học,more,nhiều hơn,mɔr,1,
Math,Toán học,most,nhiều nhất,moʊst,2,
Math,Toán học,multiply,nhân,ˈməltəˌplaɪ,2,
Math,Toán học,narrow,hẹp,ˈnɛroʊ,2,
Math,Toán học,next,kế tiếp,nɛkst,1,
Math,Toán học,note,tiền giấy,noʊt,1,
Math,Toán học,number,số,ˈnəmbər,1,
Math,Toán học,numerator,tử số,ˈnuməˌreɪtər,2,
Math,Toán học,octagon,bát giác,ˈɑktəˌgɑn,1,
Math,Toán học,odd,số lẻ,ɑd,2,
Math,Toán học,one-fourth,một phần tư,wʌn-fɔrθ,2,
Math,Toán học,one-half,một phần hai,wʌn-hæf,2,
Math,Toán học,one-third,một phần ba,ˌwənˈθərd,2,
Math,Toán học,ones,hàng đơn vị,wənz,1,
Math,Toán học,order,thứ tự,ˈɔrdər,1,
Math,Toán học,oval,hình bầu dục,ˈoʊvəl,1,
Math,Toán học,pair,cặp đôi,pɛr,1,
Math,Toán học,pattern,quy luật,ˈpætərn,1,
Math,Toán học,pentagon,ngũ giác,ˈpɛnɪˌgɑn,2,
Math,Toán học,percent,phần trăm,pərˈsɛnt,1,
Math,Toán học,percentage,tỉ lệ phần trăm,pərˈsɛnɪʤ,2,
Math,Toán học,perpendicular,vuông góc,ˌpərpənˈdɪkjələr,2,
Math,Toán học,picture graph,biểu đồ tranh,ˈpɪkʧər græf,2,
Math,Toán học,place value,giá trị hàng,pleɪs ˈvælju,2,
Math,Toán học,plus,cộng,pləs,1,
Math,Toán học,problem,bài toán,ˈprɑbləm,2,
Math,Toán học,product,tích,ˈprɑdəkt,1,
Math,Toán học,pyramid,hình chóp,ˈpɪrəmɪd,1,
Math,Toán học,question,câu hỏi,kˈwɛʃən,2,
Math,Toán học,read,đọc,rid,1,
Math,Toán học,rectangle,hình chữ nhật,ˈrɛktæŋgəl,2,
Math,Toán học,remainder,số dư,rɪˈmeɪndər,2,
Math,Toán học,repeat,lặp lại,rɪˈpit,1,
Math,Toán học,right,phải,raɪt,1,
Math,Toán học,round,làm tròn,raʊnd,1,
Math,Toán học,row,hàng,roʊ,1,
Math,Toán học,ruler,thước kẻ,ˈrulər,1,
Math,Toán học,same,giống nhau,seɪm,1,
Math,Toán học,second,giây,ˈsɛkənd,1,
Math,Toán học,sequence,dãy số,ˈsikwəns,2,
Math,Toán học,share equally,chia đều,ʃɛr ˈikwəli,2,
Math,Toán học,short,ngắn,ʃɔrt,1,
Math,Toán học,show your work,trình bày lời giải,ʃoʊ jʊr wərk,2,
Math,Toán học,show your work.,Trình bày cách làm.,ʃoʊ jʊr wərk.,2,
Math,Toán học,side,cạnh,saɪd,1,
Math,Toán học,simplify,rút gọn,ˈsɪmpləˌfaɪ,2,
Math,Toán học,small,nhỏ,smɔl,1,
Math,Toán học,smallest,nhỏ nhất,sˈmɔləst,2,
Math,Toán học,solve,giải,sɑlv,2,
Math,Toán học,solve the problem.,Giải bài toán.,sɑlv ðə ˈprɑbləm.,2,
Math,Toán học,sphere,hình cầu,sfɪr,1,
Math,Toán học,square,hình vuông,skwɛr,1,
Math,Toán học,star,ngôi sao,stɑr,1,
Math,Toán học,strategy,chiến lược,ˈstrætəʤi,2,
Math,Toán học,subtract,trừ,səbˈtrækt,1,
Math,Toán học,sum,tổng,səm,1,
Math,Toán học,symmetry,đối xứng,ˈsɪmətri,2,
Math,Toán học,table,bảng,ˈteɪbəl,1,
Math,Toán học,take away,lấy đi,teɪk əˈweɪ,2,
Math,Toán học,tall,cao,tɔl,1,
Math,Toán học,temperature,nhiệt độ,ˈtɛmpərəʧər,2,
Math,Toán học,tens,hàng chục,tɛnz,1,
Math,Toán học,tenths,phần mười,tɛnθs,1,
Math,Toán học,thousands,hàng nghìn,ˈθaʊzənz,2,
Math,Toán học,thousandths,phần nghìn,ˈθaʊzənθs,2,
Math,Toán học,time,thời gian,taɪm,1,
Math,Toán học,times,nhân,taɪmz,1,
Math,Toán học,total,tổng,ˈtoʊtəl,2,
Math,Toán học,triangle,hình tam giác,ˈtraɪˌæŋgəl,2,
Math,Toán học,twice,hai lần,twaɪs,1,
Math,Toán học,vertex,đỉnh,ˈvərˌtɛks,1,
Math,Toán học,volume,thể tích,ˈvɑljum,1,
Math,Toán học,week,tuần,wik,1,
Math,Toán học,weight,khối lượng,weɪt,1,
Math,Toán học,whole,toàn bộ,hoʊl,2,
Math,Toán học,wide,rộng,waɪd,1,
Math,Toán học,width,chiều rộng,wɪdθ,1,
Math,Toán học,write,viết,raɪt,1,
Math,Toán học,year,năm,jɪr,1,
Math - Algebra,Toán - Đại số,algebra,đại số,ˈælʤəbrə,2,
Math - Algebra,Toán - Đại số,axis,trục,ˈæksəs,2,
Math - Algebra,Toán - Đại số,binomial,nhị thức,baɪˈnoʊmiəl,2,
Math - Algebra,Toán - Đại số,coefficient,hệ số,ˌkoʊəˈfɪʃənt,2,
Math - Algebra,Toán - Đại số,constant,hằng số,ˈkɑnstənt,2,
Math - Algebra,Toán - Đại số,coordinate,tọa độ,koʊˈɔrdəˌneɪt,2,
Math - Algebra,Toán - Đại số,domain,tập xác định,doʊˈmeɪn,2,
Math - Algebra,Toán - Đại số,equation,phương trình,ɪˈkweɪʒən,2,
Math - Algebra,Toán - Đại số,evaluate,tính giá trị,ɪˈvæljuˌeɪt,2,
Math - Algebra,Toán - Đại số,expression,biểu thức,ɪkˈsprɛʃən,2,
Math - Algebra,Toán - Đại số,factor,thừa số,ˈfæktər,2,
Math - Algebra,Toán - Đại số,formula,công thức,ˈfɔrmjələ,2,
Math - Algebra,Toán - Đại số,function,hàm số,ˈfəŋkʃən,2,
Math - Algebra,Toán - Đại số,inequality,bất phương trình,ˌɪnɪkˈwɑləti,2,
Math - Algebra,Toán - Đại số,input,đầu vào,ˈɪnˌpʊt,2,
Math - Algebra,Toán - Đại số,intercept,giao điểm,ˌɪnərˈsɛpt,2,
Math - Algebra,Toán - Đại số,linear,tuyến tính,ˈlɪniər,2,
Math - Algebra,Toán - Đại số,monomial,đơn thức,məˈnoʊmiəl,2,
Math - Algebra,Toán - Đại số,origin,gốc tọa độ,ˈɔrəʤən,2,
Math - Algebra,Toán - Đại số,output,đầu ra,ˈaʊtˌpʊt,2,
Math - Algebra,Toán - Đại số,polynomial,đa thức,ˌpɑˌliˈnoʊmiəl,2,
Math - Algebra,Toán - Đại số,quadratic,bậc hai,kwɑˈdrætɪk,2,
Math - Algebra,Toán - Đại số,range,tập giá trị,reɪnʤ,2,
Math - Algebra,Toán - Đại số,slope,độ dốc,sloʊp,2,
Math - Algebra,Toán - Đại số,substitute,thay thế,ˈsəbstəˌtut,2,
Math - Algebra,Toán - Đại số,trinomial,tam thức,traɪˈnoʊmiəl,2,
Math - Algebra,Toán - Đại số,unknown,ẩn số,ənˈnoʊn,2,
Math - Algebra,Toán - Đại số,variable,biến số,ˈvɛriəbəl,2,
Math - Arithmetic,Toán - Số học,absolute value,giá trị tuyệt đối,ˈæbsəˌlut ˈvælju,2,
Math - Arithmetic,Toán - Số học,base,cơ số,beɪs,2,
Math - Arithmetic,Toán - Số học,common factor,ước chung,ˈkɑmən ˈfæktər,2,
Math - Arithmetic,Toán - Số học,composite number,hợp số,kəmˈpɑzət ˈnəmbər,2,
Math - Arithmetic,Toán - Số học,consecutive,liên tiếp,kənˈsɛkjətɪv,2,
Math - Arithmetic,Toán - Số học,cube number,số lập phương,kjub ˈnəmbər,2,
Math - Arithmetic,Toán - Số học,cube root,căn bậc ba,kjub rut,2,
Math - Arithmetic,Toán - Số học,estimation,ước lượng,ˌɛstəˈmeɪʃən,2,
Math - Arithmetic,Toán - Số học,exponent,số mũ,ˈɛkˌspoʊnənt,2,
Math - Arithmetic,Toán - Số học,factor pair,cặp thừa số,ˈfæktər pɛr,2,
Math - Arithmetic,Toán - Số học,greatest common factor,ước chung lớn nhất,ˈgreɪtəst ˈkɑmən ˈfæktər,2,
Math - Arithmetic,Toán - Số học,integer,số nguyên,ˈɪntəʤər,2,
Math - Arithmetic,Toán - Số học,least common multiple,bội chung nhỏ nhất,list ˈkɑmən ˈməltəpəl,2,
Math - Arithmetic,Toán - Số học,multiple,bội số,ˈməltəpəl,2,
Math - Arithmetic,Toán - Số học,negative,âm,ˈnɛgətɪv,2,
Math - Arithmetic,Toán - Số học,percent change,phần trăm thay đổi,pərˈsɛnt ʧeɪnʤ,2,
Math - Arithmetic,Toán - Số học,positive,dương,ˈpɑzətɪv,2,
Math - Arithmetic,Toán - Số học,power,lũy thừa,paʊər,2,
Math - Arithmetic,Toán - Số học,prime number,số nguyên tố,praɪm ˈnəmbər,2,
Math - Arithmetic,Toán - Số học,proportion,tỉ lệ thức,prəˈpɔrʃən,2,
Math - Arithmetic,Toán - Số học,rate,tỉ lệ,reɪt,2,
Math - Arithmetic,Toán - Số học,ratio,tỉ số,ˈreɪʃiˌoʊ,2,
Math - Arithmetic,Toán - Số học,rounding,làm tròn,ˈraʊndɪŋ,2,
Math - Arithmetic,Toán - Số học,square number,số chính phương,skwɛr ˈnəmbər,2,
Math - Arithmetic,Toán - Số học,square root,căn bậc hai,skwɛr rut,2,
Math - Geometry,Toán - Hình học,circumference,chu vi hình tròn,ˌsərˈkəmfrəns,2,
Math - Geometry,Toán - Hình học,congruent,bằng nhau (hình),kənˈgruənt,2,
Math - Geometry,Toán - Hình học,diameter,đường kính,daɪˈæmətər,2,
Math - Geometry,Toán - Hình học,hypotenuse,cạnh huyền,haɪˈpɑtənˌus,2,
Math - Geometry,Toán - Hình học,parallelogram,hình bình hành,ˌpærəˈlɛləˌgræm,2,
Math - Geometry,Toán - Hình học,perimeter,chu vi,pərˈɪmətər,2,
Math - Geometry,Toán - Hình học,pi,số pi,paɪ,2,
Math - Geometry,Toán - Hình học,polygon,đa giác,ˈpɑlɪˌgɑn,2,
Math - Geometry,Toán - Hình học,prism,hình lăng trụ,ˈprɪzəm,2,
Math - Geometry,Toán - Hình học,pythagorean theorem,định lý Pitago,ˌpɪθəˈgɔriən ˈθɪrəm,2,
Math - Geometry,Toán - Hình học,quadrilateral,tứ giác,ˌkwɑdrəˈlætərəl,2,
Math - Geometry,Toán - Hình học,radius,bán kính,ˈreɪdiəs,2,
Math - Geometry,Toán - Hình học,reflection,phản chiếu,rɪˈflɛkʃən,2,
Math - Geometry,Toán - Hình học,rhombus,hình thoi,ˈrɑmbəs,2,
Math - Geometry,Toán - Hình học,rotation,phép quay,roʊˈteɪʃən,2,
Math - Geometry,Toán - Hình học,similar,đồng dạng,ˈsɪmələr,2,
Math - Geometry,Toán - Hình học,surface area,diện tích bề mặt,ˈsərfəs ˈɛriə,2,
Math - Geometry,Toán - Hình học,symmetry,tính đối xứng,ˈsɪmətri,2,
Math - Geometry,Toán - Hình học,transformation,biến hình,ˌtrænsfərˈmeɪʃən,2,
Math - Geometry,Toán - Hình học,translation,phép tịnh tiến,trænzˈleɪʃən,2,
Math - Geometry,Toán - Hình học,trapezoid,hình thang,ˈtræpəˌzɔɪd,2,
Math - Reasoning,Toán - Tư duy,analyze,phân tích,ˈænəˌlaɪz,2,
Math - Reasoning,Toán - Tư duy,assume,giả sử,əˈsum,2,
Math - Reasoning,Toán - Tư duy,classify,phân loại,ˈklæsəˌfaɪ,2,
Math - Reasoning,Toán - Tư duy,conclude,kết luận,kənˈklud,2,
Math - Reasoning,Toán - Tư duy,conjecture,phỏng đoán,kənˈʤɛkʧər,2,
Math - Reasoning,Toán - Tư duy,contrast,đối chiếu,ˈkɑntræst,2,
Math - Reasoning,Toán - Tư duy,determine,xác định,dɪˈtərmən,2,
Math - Reasoning,Toán - Tư duy,identify,nhận dạng,aɪˈdɛntəˌfaɪ,2,
Math - Reasoning,Toán - Tư duy,justify,giải thích,ˈʤəstəˌfaɪ,2,
Math - Reasoning,Toán - Tư duy,logic,logic,ˈlɑʤɪk,2,
Math - Reasoning,Toán - Tư duy,method,phương pháp,ˈmɛθəd,2,
Math - Reasoning,Toán - Tư duy,proof,chứng minh,pruf,2,
Math - Reasoning,Toán - Tư duy,property,tính chất,ˈprɑpərti,2,
Math - Reasoning,Toán - Tư duy,reasoning,suy luận,ˈrizənɪŋ,2,
Math - Reasoning,Toán - Tư duy,relationship,mối quan hệ,riˈleɪʃənˌʃɪp,2,
Math - Reasoning,Toán - Tư duy,represent,biểu diễn,ˌrɛprɪˈzɛnt,2,
Math - Reasoning,Toán - Tư duy,theorem,định lý,ˈθɪrəm,2,
Math - Statistics,Toán - Thống kê,average,trung bình,ˈævərɪʤ,2,
Math - Statistics,Toán - Thống kê,certain,chắc chắn,ˈsərtən,2,
Math - Statistics,Toán - Thống kê,frequency,tần số,ˈfrikwənsi,2,
Math - Statistics,Toán - Thống kê,impossible,không thể,ˌɪmˈpɑsəbəl,2,
Math - Statistics,Toán - Thống kê,likely,có khả năng,ˈlaɪkli,2,
Math - Statistics,Toán - Thống kê,mean,giá trị trung bình,min,2,
Math - Statistics,Toán - Thống kê,median,trung vị,ˈmidiən,2,
Math - Statistics,Toán - Thống kê,mode,yếu vị,moʊd,2,
Math - Statistics,Toán - Thống kê,outcome,kết quả,ˈaʊtˌkəm,2,
Math - Statistics,Toán - Thống kê,probability,xác suất,ˌprɑbəˈbɪləˌti,2,
Math - Statistics,Toán - Thống kê,random,ngẫu nhiên,ˈrændəm,2,
Math - Statistics,Toán - Thống kê,statistics,thống kê,stəˈtɪstɪks,2,
Math - Statistics,Toán - Thống kê,unlikely,không chắc,ənˈlaɪkli,2,
Music,Nhạc cụ,bell,chuông,bɛl,1,images/1F514.svg
Music,Nhạc cụ,drum,cái trống,drəm,1,images/1F941.svg
Music,Nhạc cụ,flute,sáo,flut,1,images/1F3B6.svg
Music,Nhạc cụ,guitar,đàn ghi ta,gɪˈtɑr,1,images/1F3B8.svg
Music,Nhạc cụ,harp,đàn hạc,hɑrp,2,images/1F3B5.svg
Music,Nhạc cụ,piano,đàn piano,piˈænə,1,images/1F3B9.svg
Music,Nhạc cụ,tambourine,trống lục lạc,ˌtæmbərˈin,2,images/1FA98.svg
Music,Nhạc cụ,trumpet,kèn trumpet,ˈtrəmpət,2,images/1F3BA.svg
Music,Nhạc cụ,violin,đàn vi ô lông,vaɪəˈlɪn,2,images/1F3BB.svg
Music,Nhạc cụ,xylophone,đàn phím gỗ,ˈzaɪləˌfoʊn,2,images/1F3B6.svg
Nature,Thiên nhiên,cactus,xương rồng,ˈkæktəs,1,images/1F335.svg
Nature,Thiên nhiên,fire,lửa,faɪər,1,images/1F525.svg
Nature,Thiên nhiên,flower,bông hoa,flaʊər,1,images/1F338.svg
Nature,Thiên nhiên,grass,cỏ,græs,1,images/1F331.svg
Nature,Thiên nhiên,lake,hồ nước,leɪk,1,
Nature,Thiên nhiên,leaf,chiếc lá,lif,1,images/1F343.svg
Nature,Thiên nhiên,mountain,ngọn núi,ˈmaʊntən,1,images/26F0.svg
Nature,Thiên nhiên,ocean,đại dương,ˈoʊʃən,1,
Nature,Thiên nhiên,palm tree,cây cọ,pɑm tri,1,images/1F334.svg
Nature,Thiên nhiên,river,con sông,ˈrɪvər,1,
Nature,Thiên nhiên,rock,hòn đá,rɑk,1,images/1FAA8.svg
Nature,Thiên nhiên,rose,hoa hồng,roʊz,1,images/1F339.svg
Nature,Thiên nhiên,sand,cát,sænd,1,
Nature,Thiên nhiên,seedling,mầm cây,ˈsidlɪŋ,1,images/1F331.svg
Nature,Thiên nhiên,sky,bầu trời,skaɪ,1,
Nature,Thiên nhiên,tree,cái cây,tri,1,images/1F333.svg
Nature,Thiên nhiên,volcano,núi lửa,vɑlˈkeɪnoʊ,1,images/1F30B.svg
Numbers,Con số,eight,số tám,eɪt,1,images/38-20E3.svg
Numbers,Con số,eighteen,mười tám,ˈeɪˈtin,1,
Numbers,Con số,eighty,tám mươi,ˈeɪti,1,
Numbers,Con số,eleven,số mười một,ˈilɛvən,2,
Numbers,Con số,fifteen,mười lăm,ˈfɪfˈtin,1,
Numbers,Con số,fifty,số năm mươi,ˈfɪfti,2,
Numbers,Con số,first,thứ nhất,fərst,2,images/1F947.svg
Numbers,Con số,five,số năm,faɪv,1,images/35-20E3.svg
Numbers,Con số,forty,bốn mươi,ˈfɔrti,1,
Numbers,Con số,four,số bốn,fɔr,1,images/34-20E3.svg
Numbers,Con số,fourteen,mười bốn,ˌfɔrˈtin,1,
Numbers,Con số,hundred,số một trăm,ˈhənərd,2,images/1F4AF.svg
Numbers,Con số,nine,số chín,naɪn,1,images/39-20E3.svg
Numbers,Con số,nineteen,mười chín,ˈnaɪnˈtin,1,
Numbers,Con số,ninety,chín mươi,ˈnaɪnti,1,
Numbers,Con số,one,số một,wən,1,images/31-20E3.svg
Numbers,Con số,second,thứ hai,ˈsɛkənd,2,images/1F948.svg
Numbers,Con số,seven,số bảy,ˈsɛvən,1,images/37-20E3.svg
Numbers,Con số,seventeen,mười bảy,ˈsɛvənˈtin,1,
Numbers,Con số,seventy,bảy mươi,ˈsɛvənti,1,
Numbers,Con số,six,số sáu,sɪks,1,images/36-20E3.svg
Numbers,Con số,sixteen,mười sáu,ˈsɪkˈstin,1,
Numbers,Con số,sixty,sáu mươi,ˈsɪksti,1,
Numbers,Con số,ten,số mười,tɛn,1,images/1F51F.svg
Numbers,Con số,thirteen,số mười ba,ˈθərˈtin,2,
Numbers,Con số,thirty,ba mươi,ˈθərˌdi,1,
Numbers,Con số,thousand,một nghìn,ˈθaʊzənd,1,
Numbers,Con số,three,số ba,θri,1,images/33-20E3.svg
Numbers,Con số,twelve,số mười hai,twɛlv,2,
Numbers,Con số,twenty,số hai mươi,tˈwɛnti,2,
Numbers,Con số,two,số hai,tu,1,images/32-20E3.svg
Numbers,Con số,zero,số không,ˈziroʊ,1,images/30-20E3.svg
Reptiles,Bò sát,alligator,cá sấu mõm ngắn,ˈæləˌgeɪtər,2,images/1F40A.svg
Reptiles,Bò sát,chameleon,con tắc kè hoa,kəˈmiliən,2,images/1F98E.svg
Reptiles,Bò sát,cobra,rắn hổ mang,ˈkoʊbrə,2,images/1F40D.svg
Reptiles,Bò sát,crocodile,cá sấu,ˈkrɑkəˌdaɪl,1,images/1F40A.svg
Reptiles,Bò sát,dinosaur,khủng long,ˈdaɪnəˌsɔr,1,images/1F995.svg
Reptiles,Bò sát,dragon,con rồng,ˈdrægən,1,images/1F409.svg
Reptiles,Bò sát,frog,con ếch,frɑg,1,images/1F438.svg
Reptiles,Bò sát,gecko,con tắc kè,ˈgɛkoʊ,2,images/1F98E.svg
Reptiles,Bò sát,iguana,kỳ nhông,ˌɪgˈwɑnə,2,images/1F98E.svg
Reptiles,Bò sát,lizard,con thằn lằn,ˈlɪzərd,1,images/1F98E.svg
Reptiles,Bò sát,python,trăn,ˈpaɪθɑn,2,images/1F40D.svg
Reptiles,Bò sát,snake,con rắn,sneɪk,1,images/1F40D.svg
Reptiles,Bò sát,tortoise,rùa cạn,ˈtɔrtəs,2,images/1F422.svg
Reptiles,Bò sát,turtle,con rùa,ˈtərtəl,1,images/1F422.svg
School,Trường học,abacus,bàn tính,ˈæbəkəs,1,images/1F9EE.svg
School,Trường học,backpack,ba lô,ˈbækˌpæk,1,images/1F392.svg
School,Trường học,bell,chuông,bɛl,1,images/1F514.svg
School,Trường học,book,quyển sách,bʊk,1,images/1F4DA.svg
School,Trường học,crayon,bút màu sáp,kreɪɑn,1,images/1F58D.svg
School,Trường học,globe,quả địa cầu,gloʊb,1,images/1F30D.svg
School,Trường học,microscope,kính hiển vi,ˈmaɪkrəˌskoʊp,1,images/1F52C.svg
School,Trường học,notebook,vở,ˈnoʊtˌbʊk,1,images/1F4D3.svg
School,Trường học,paint,màu vẽ,peɪnt,1,images/1F3A8.svg
School,Trường học,paperclip,kẹp giấy,ˈpeɪpərˌklɪp,1,images/1F4CE.svg
School,Trường học,pen,bút mực,pɛn,1,images/1F58A.svg
School,Trường học,pencil,bút chì,ˈpɛnsəl,1,images/270F.svg
School,Trường học,ruler,thước kẻ,ˈrulər,1,images/1F4CF.svg
School,Trường học,scissors,cái kéo,ˈsɪzərz,1,images/2702.svg
Sea animals,Động vật biển,blowfish,cá nóc,ˈbloʊfɪʃ,1,images/1F421.svg
Sea animals,Động vật biển,crab,con cua,kræb,1,images/1F980.svg
Sea animals,Động vật biển,dolphin,cá heo,ˈdɑlfən,1,images/1F42C.svg
Sea animals,Động vật biển,jellyfish,con sứa,ˈʤɛliˌfɪʃ,1,images/1F390.svg
Sea animals,Động vật biển,lobster,tôm hùm,ˈlɑbstər,1,images/1F99E.svg
Sea animals,Động vật biển,octopus,bạch tuộc,ˈɑktəˌpʊs,1,images/1F419.svg
Sea animals,Động vật biển,otter,rái cá,ˈɑtər,1,images/1F9A6.svg
Sea animals,Động vật biển,seal,hải cẩu,sil,1,images/1F9AD.svg
Sea animals,Động vật biển,shark,cá mập,ʃɑrk,1,images/1F988.svg
Sea animals,Động vật biển,shrimp,con tôm,ʃrɪmp,1,images/1F990.svg
Sea animals,Động vật biển,squid,mực ống,skwɪd,1,images/1F991.svg
Sea animals,Động vật biển,tropical fish,cá nhiệt đới,ˈtrɑpɪkəl fɪʃ,1,images/1F420.svg
Sea animals,Động vật biển,turtle,con rùa,ˈtərtəl,1,images/1F422.svg
Sea animals,Động vật biển,whale,cá voi,weɪl,1,images/1F433.svg
Shapes,Hình khối,arrow,mũi tên,ˈɛroʊ,1,images/27A1.svg
Shapes,Hình khối,circle,hình tròn,ˈsərkəl,1,images/2B55.svg
Shapes,Hình khối,cone,hình nón,koʊn,2,images/1F366.svg
Shapes,Hình khối,cross,dấu thập,krɔs,1,images/274C.svg
Shapes,Hình khối,cube,hình lập phương,kjub,2,images/1F9CA.svg
Shapes,Hình khối,cylinder,hình trụ,ˈsɪlɪndər,2,images/1F96B.svg
Shapes,Hình khối,diamond,hình thoi,ˈdaɪmənd,1,images/1F537.svg
Shapes,Hình khối,heart,hình trái tim,hɑrt,1,images/2764.svg
Shapes,Hình khối,line,đường thẳng,laɪn,1,images/2796.svg
Shapes,Hình khối,oval,hình bầu dục,ˈoʊvəl,2,images/2B55.svg
Shapes,Hình khối,pentagon,hình ngũ giác,ˈpɛnɪˌgɑn,2,images/1F537.svg
Shapes,Hình khối,rectangle,hình chữ nhật,ˈrɛktæŋgəl,1,images/1F7EA.svg
Shapes,Hình khối,square,hình vuông,skwɛr,1,images/1F7E5.svg
Shapes,Hình khối,star,hình ngôi sao,stɑr,1,images/2B50.svg
Shapes,Hình khối,triangle,hình tam giác,ˈtraɪˌæŋgəl,1,images/1F53A.svg
Sports,Thể thao,baseball,bóng chày,ˈbeɪsˈbɔl,1,images/26BE.svg
Sports,Thể thao,basketball,bóng rổ,ˈbæskətˌbɔl,1,images/1F3C0.svg
Sports,Thể thao,bowling,bóng gỗ,ˈboʊlɪŋ,1,images/1F3B3.svg
Sports,Thể thao,boxing,quyền anh,ˈbɑksɪŋ,1,images/1F94A.svg
Sports,Thể thao,cycling,đạp xe,ˈsaɪkəlɪŋ,1,images/1F6B4.svg
Sports,Thể thao,medal,huy chương,ˈmɛdəl,1,images/1F3C5.svg
Sports,Thể thao,running,chạy bộ,ˈrənɪŋ,1,images/1F3C3.svg
Sports,Thể thao,skiing,trượt tuyết,skiɪŋ,1,images/26F7.svg
Sports,Thể thao,soccer,bóng đá,ˈsɑkər,1,images/26BD.svg
Sports,Thể thao,swimming,bơi lội,sˈwɪmɪŋ,1,images/1F3CA.svg
Sports,Thể thao,tennis,quần vợt,ˈtɛnɪs,1,images/1F3BE.svg
Sports,Thể thao,trophy,cúp,ˈtroʊfi,1,images/1F3C6.svg
Sports,Thể thao,volleyball,bóng chuyền,ˈvɑliˌbɔl,1,images/1F3D0.svg
Time,Thời gian,Friday,thứ Sáu,ˈfraɪˌdeɪ,2,images/1F4C5.svg
Time,Thời gian,Monday,thứ Hai,ˈmənˌdeɪ,2,images/1F4C5.svg
Time,Thời gian,Saturday,thứ Bảy,ˈsæˌtɪˌdeɪ,2,images/1F4C5.svg
Time,Thời gian,Sunday,Chủ nhật,ˈsənˌdi,2,images/1F4C5.svg
Time,Thời gian,Thursday,thứ Năm,ˈθərzˌdeɪ,2,images/1F4C5.svg
Time,Thời gian,Tuesday,thứ Ba,ˈtuzˌdeɪ,2,images/1F4C5.svg
Time,Thời gian,Wednesday,thứ Tư,ˈwɛnzˌdeɪ,2,images/1F4C5.svg
Time,Thời gian,afternoon,buổi chiều,ˌæftərˈnun,1,images/1F324.svg
Time,Thời gian,month,tháng,mənθ,1,images/1F5D3.svg
Time,Thời gian,morning,buổi sáng,ˈmɔrnɪŋ,1,images/1F305.svg
Time,Thời gian,night,ban đêm,naɪt,1,images/1F303.svg
Time,Thời gian,today,hôm nay,təˈdeɪ,1,images/1F4C5.svg
Time,Thời gian,tomorrow,ngày mai,təˈmɑˌroʊ,2,images/1F4C6.svg
Time,Thời gian,week,tuần,wik,1,images/1F4C5.svg
Time,Thời gian,year,năm,jɪr,1,images/1F4C6.svg
Time,Thời gian,yesterday,hôm qua,ˈjɛstərˌdeɪ,2,images/1F5D3.svg
Toys,Đồ chơi,ball,quả bóng,bɔl,1,images/26BD.svg
Toys,Đồ chơi,balloon,bóng bay,bəˈlun,1,images/1F388.svg
Toys,Đồ chơi,blocks,khối xếp hình,blɑks,1,images/1F9F1.svg
Toys,Đồ chơi,dice,xúc xắc,daɪs,1,images/1F3B2.svg
Toys,Đồ chơi,doll,búp bê,dɑl,1,images/1FA86.svg
Toys,Đồ chơi,drum,cái trống,drəm,1,images/1F941.svg
Toys,Đồ chơi,kite,con diều,kaɪt,1,images/1FA81.svg
Toys,Đồ chơi,marbles,viên bi,ˈmɑrbəlz,1,images/1F535.svg
Toys,Đồ chơi,puzzle,trò xếp hình,ˈpəzəl,1,images/1F9E9.svg
Toys,Đồ chơi,robot,người máy,ˈroʊˌbət,1,images/1F916.svg
Toys,Đồ chơi,scooter,xe trượt scooter,ˈskutər,2,images/1F6F4.svg
Toys,Đồ chơi,slide,cầu trượt,slaɪd,1,images/1F6DD.svg
Toys,Đồ chơi,spinning top,con quay,ˈspɪnɪŋ tɔp,2,images/1F51D.svg
Toys,Đồ chơi,swing,xích đu,swɪŋ,1,images/1F3A0.svg
Toys,Đồ chơi,teddy bear,gấu bông,ˈtɛdi bɛr,1,images/1F9F8.svg
Toys,Đồ chơi,toy car,xe đồ chơi,tɔɪ kɑr,1,images/1F697.svg
Toys,Đồ chơi,train set,bộ tàu hỏa,treɪn sɛt,2,images/1F682.svg
Toys,Đồ chơi,yo-yo,con quay yo-yo,ˈjoʊˌjoʊ,1,images/1FA80.svg
Vegetables,Rau củ,broccoli,bông cải xanh,ˈbrɑkəli,1,images/1F966.svg
Vegetables,Rau củ,cabbage,bắp cải,ˈkæbɪʤ,1,images/1F96C.svg
Vegetables,Rau củ,carrot,củ cà rốt,ˈkɛrət,1,images/1F955.svg
Vegetables,Rau củ,celery,cần tây,ˈsɛləri,2,images/1F96C.svg
Vegetables,Rau củ,corn,bắp ngô,kɔrn,1,images/1F33D.svg
Vegetables,Rau củ,cucumber,quả dưa chuột,ˈkjukəmbər,1,images/1F952.svg
Vegetables,Rau củ,eggplant,quả cà tím,ˈɛgˌplænt,1,images/1F346.svg
Vegetables,Rau củ,garlic,củ tỏi,ˈgɑrlɪk,1,images/1F9C4.svg
Vegetables,Rau củ,lettuce,rau xà lách,ˈlɛtəs,1,images/1F96C.svg
Vegetables,Rau củ,mushroom,nấm,ˈməʃrum,1,images/1F344.svg
Vegetables,Rau củ,onion,củ hành,ˈənjən,1,images/1F9C5.svg
Vegetables,Rau củ,peanut,hạt lạc,ˈpiˌnət,1,images/1F95C.svg
Vegetables,Rau củ,pepper,quả ớt,ˈpɛpər,1,images/1F336.svg
Vegetables,Rau củ,potato,củ khoai tây,pəˈteɪˌtoʊ,1,images/1F954.svg
Vegetables,Rau củ,pumpkin,quả bí ngô,ˈpəmpkɪn,1,images/1F383.svg
Vegetables,Rau củ,radish,củ cải,ˈrædɪʃ,2,images/1F955.svg
Vegetables,Rau củ,spinach,rau chân vịt,ˈspɪnəʧ,2,images/1F96C.svg
Vegetables,Rau củ,tomato,quả cà chua,təˈmɑˌtoʊ,1,images/1F345.svg
Vehicles,Phương tiện,airplane,máy bay,ˈɛrˌpleɪn,1,images/2708.svg
Vehicles,Phương tiện,ambulance,xe cứu thương,ˈæmbjələns,1,images/1F691.svg
Vehicles,Phương tiện,bicycle,xe đạp,ˈbaɪsɪkəl,1,images/1F6B2.svg
Vehicles,Phương tiện,boat,thuyền,boʊt,1,images/26F5.svg
Vehicles,Phương tiện,bus,xe buýt,bəs,1,images/1F68C.svg
Vehicles,Phương tiện,car,ô tô,kɑr,1,images/1F697.svg
Vehicles,Phương tiện,fire engine,xe cứu hỏa,faɪər ˈɪnʤən,1,images/1F692.svg
Vehicles,Phương tiện,helicopter,trực thăng,ˈhɛlɪˌkɑptər,1,images/1F681.svg
Vehicles,Phương tiện,motorcycle,xe máy,ˈmoʊtərˌsaɪkəl,1,images/1F3CD.svg
Vehicles,Phương tiện,police car,xe cảnh sát,pəˈlis kɑr,1,images/1F693.svg
Vehicles,Phương tiện,rocket,tên lửa,ˈrɑkət,1,images/1F680.svg
Vehicles,Phương tiện,ship,tàu thủy,ʃɪp,1,images/1F6A2.svg
Vehicles,Phương tiện,taxi,xe taxi,ˈtæksi,1,images/1F695.svg
Vehicles,Phương tiện,tractor,máy kéo,ˈtræktər,1,images/1F69C.svg
Vehicles,Phương tiện,train,tàu hỏa,treɪn,1,images/1F686.svg
Vehicles,Phương tiện,truck,xe tải,trək,1,images/1F69A.svg
Weather,Thời tiết,cloud,đám mây,klaʊd,1,images/2601.svg
Weather,Thời tiết,fog,sương mù,fɔg,1,images/1F32B.svg
Weather,Thời tiết,lightning,tia chớp,ˈlaɪtnɪŋ,1,images/26A1.svg
Weather,Thời tiết,moon,mặt trăng,mun,1,images/1F319.svg
Weather,Thời tiết,rain,mưa,reɪn,1,images/1F327.svg
Weather,Thời tiết,snow,tuyết,snoʊ,1,images/2744.svg
Weather,Thời tiết,snowman,người tuyết,sˈnoʊˌmæn,1,images/26C4.svg
Weather,Thời tiết,star,ngôi sao,stɑr,1,images/2B50.svg
Weather,Thời tiết,sun,mặt trời,sən,1,images/2600.svg
Weather,Thời tiết,tornado,lốc xoáy,tɔrˈneɪˌdoʊ,1,images/1F32A.svg
Weather,Thời tiết,umbrella,cái ô,ˈəmˌbrɛlə,1,images/2602.svg
Weather,Thời tiết,wind,gió,wɪnd,1,images/1F4A8.svg
